<?xml version="1.0" encoding="UTF-8"?>
<project-private xmlns="http://www.netbeans.org/ns/project-private/1">
    <editor-bookmarks xmlns="http://www.netbeans.org/ns/editor-bookmarks/2" lastBookmarkId="0"/>
    <open-files xmlns="http://www.netbeans.org/ns/projectui-open-files/2">
        <group>
            <file>file:/C:/Users/Usuario/Downloads/ProyectoEDA%20(5)/ProyectoEDA/src/IGUGRAFICA/Personal1.java</file>
            <file>file:/C:/Users/Usuario/Downloads/ProyectoEDA%20(5)/ProyectoEDA/src/IGUGRAFICA/RegistrarIni.java</file>
            <file>file:/C:/Users/Usuario/Downloads/ProyectoEDA%20(5)/ProyectoEDA/src/PruebasinInterfaz/Prueba.java</file>
            <file>file:/C:/Users/Usuario/Downloads/ProyectoEDA%20(5)/ProyectoEDA/src/modeloLogica/ListaEnlazada.java</file>
            <file>file:/C:/Users/Usuario/Downloads/ProyectoEDA%20(5)/ProyectoEDA/src/modeloLogica/Personal.java</file>
            <file>file:/C:/Users/Usuario/Downloads/ProyectoEDA%20(5)/ProyectoEDA/src/modeloLogica/Expediente.java</file>
            <file>file:/C:/Users/Usuario/Downloads/ProyectoEDA%20(5)/ProyectoEDA/src/modeloLogica/Node.java</file>
            <file>file:/C:/Users/Usuario/Downloads/ProyectoEDA%20(5)/ProyectoEDA/src/modeloLogica/Gestion.java</file>
            <file>file:/C:/Users/Usuario/Downloads/ProyectoEDA%20(5)/ProyectoEDA/src/modeloLogica/Persona.java</file>
            <file>file:/C:/Users/Usuario/Downloads/ProyectoEDA%20(5)/ProyectoEDA/src/modeloLogica/Usuario.java</file>
            <file>file:/C:/Users/Usuario/Downloads/ProyectoEDA%20(5)/ProyectoEDA/src/modeloLogica/Pila.java</file>
            <file>file:/C:/Users/Usuario/Downloads/ProyectoEDA%20(5)/ProyectoEDA/src/modeloLogica/Fecha.java</file>
            <file>file:/C:/Users/Usuario/Downloads/ProyectoEDA%20(5)/ProyectoEDA/src/modeloLogica/Empleado.java</file>
            <file>file:/C:/Users/Usuario/Downloads/ProyectoEDA%20(5)/ProyectoEDA/src/IGUGRAFICA/Expediente.java</file>
            <file>file:/C:/Users/Usuario/Downloads/ProyectoEDA%20(5)/ProyectoEDA/src/IGUGRAFICA/Empleado1.java</file>
            <file>file:/C:/Users/Usuario/Downloads/ProyectoEDA%20(5)/ProyectoEDA/src/IGUGRAFICA/Lobby.java</file>
            <file>file:/C:/Users/Usuario/Downloads/ProyectoEDA%20(5)/ProyectoEDA/src/modeloLogica/Cola.java</file>
        </group>
    </open-files>
</project-private>
